timestamp,label,scope,actual,expected,previous,vs_previous_passed,vs_previous_added,vs_previous_missing,expected_total_extra_3dp,expected_total_missing_3dp,expected_mismatch_count_3dp,l_sec_extra_3dp,l_sec_missing_3dp,l_usec_extra_3dp,l_usec_missing_3dp,l_usec_0_extra_3dp,l_usec_0_missing_3dp,l_usec2012_extra_3dp,l_usec2012_missing_3dp,l_usec3018_extra_3dp,l_usec3018_missing_3dp,expected_total_extra_2dp,expected_total_missing_2dp,expected_mismatch_count_2dp,l_sec_extra_2dp,l_sec_missing_2dp,l_usec_extra_2dp,l_usec_missing_2dp,l_usec_0_extra_2dp,l_usec_0_missing_2dp,l_usec2012_extra_2dp,l_usec2012_missing_2dp,l_usec3018_extra_2dp,l_usec3018_missing_2dp,expected_total_extra_1dp,expected_total_missing_1dp,expected_mismatch_count_1dp,l_sec_extra_1dp,l_sec_missing_1dp,l_usec_extra_1dp,l_usec_missing_1dp,l_usec_0_extra_1dp,l_usec_0_missing_1dp,l_usec2012_extra_1dp,l_usec2012_missing_1dp,l_usec3018_extra_1dp,l_usec3018_missing_1dp
2026-04-18T00:38:17-03:00,rerun181,43-8-5,C:\Users\Jesse 2025\Desktop\COMPLETE DRAFT\data\twp43-8-5-reference-compare-rerun181-atsonly-qv-reverted-current-baseline\artifacts\output.dxf,C:\Users\Jesse 2025\Desktop\COMPLETE DRAFT\src\AtsBackgroundBuilder\REFERENCE ONLY\43-8-5 corrected.dxf,C:\Users\Jesse 2025\Desktop\COMPLETE DRAFT\data\twp43-8-5-reference-compare-rerun176-atsonly-qv-openT-nearby-anchored\artifacts\output.dxf,True,0,0,22,22,22,0,0,22,22,0,0,0,0,0,0,15,15,15,0,0,15,15,0,0,0,0,0,0,9,9,9,0,0,9,9,0,0,0,0,0,0
2026-04-18T00:44:28-03:00,rerun182,43-8-5,C:\Users\Jesse 2025\Desktop\COMPLETE DRAFT\data\twp43-8-5-reference-compare-rerun182-atsonly-qv-preserve-ordinary-when-no-outer\artifacts\output.dxf,C:\Users\Jesse 2025\Desktop\COMPLETE DRAFT\src\AtsBackgroundBuilder\REFERENCE ONLY\43-8-5 corrected.dxf,C:\Users\Jesse 2025\Desktop\COMPLETE DRAFT\data\twp43-8-5-reference-compare-rerun181-atsonly-qv-reverted-current-baseline\artifacts\output.dxf,False,2,2,23,22,23,0,0,23,22,0,0,0,0,0,0,16,15,16,0,0,16,15,0,0,0,0,0,0,10,9,10,0,0,10,9,0,0,0,0,0,0
2026-04-18T01:06:30-03:00,rerun183,43-8-5,C:\Users\Jesse 2025\Desktop\COMPLETE DRAFT\data\twp43-8-5-reference-compare-rerun183-atsonly-qv-junction-snap1\artifacts\output.dxf,C:\Users\Jesse 2025\Desktop\COMPLETE DRAFT\src\AtsBackgroundBuilder\REFERENCE ONLY\43-8-5 corrected.dxf,C:\Users\Jesse 2025\Desktop\COMPLETE DRAFT\data\twp43-8-5-reference-compare-rerun181-atsonly-qv-reverted-current-baseline\artifacts\output.dxf,False,80,80,22,22,22,0,0,22,22,0,0,0,0,0,0,15,15,15,0,0,15,15,0,0,0,0,0,0,9,9,9,0,0,9,9,0,0,0,0,0,0
2026-04-18T01:23:27-03:00,rerun184,43-8-5,C:\Users\Jesse 2025\Desktop\COMPLETE DRAFT\data\twp43-8-5-reference-compare-rerun184-atsonly-qv-qsec-terminal-rank1\artifacts\output.dxf,C:\Users\Jesse 2025\Desktop\COMPLETE DRAFT\src\AtsBackgroundBuilder\REFERENCE ONLY\43-8-5 corrected.dxf,C:\Users\Jesse 2025\Desktop\COMPLETE DRAFT\data\twp43-8-5-reference-compare-rerun181-atsonly-qv-reverted-current-baseline\artifacts\output.dxf,False,25,55,21,21,21,0,0,21,21,0,0,0,0,0,0,14,14,14,0,0,14,14,0,0,0,0,0,0,8,8,8,0,0,8,8,0,0,0,0,0,0
2026-04-18T01:30:31-03:00,rerun185,43-8-5,C:\Users\Jesse 2025\Desktop\COMPLETE DRAFT\data\twp43-8-5-reference-compare-rerun185-atsonly-qv-qsec-terminal-rank1-restoretol\artifacts\output.dxf,C:\Users\Jesse 2025\Desktop\COMPLETE DRAFT\src\AtsBackgroundBuilder\REFERENCE ONLY\43-8-5 corrected.dxf,C:\Users\Jesse 2025\Desktop\COMPLETE DRAFT\data\twp43-8-5-reference-compare-rerun184-atsonly-qv-qsec-terminal-rank1\artifacts\output.dxf,True,0,0,21,21,21,0,0,21,21,0,0,0,0,0,0,14,14,14,0,0,14,14,0,0,0,0,0,0,8,8,8,0,0,8,8,0,0,0,0,0,0
2026-04-18T01:44:15-03:00,rerun186,43-8-5,C:\Users\Jesse 2025\Desktop\COMPLETE DRAFT\data\twp43-8-5-reference-compare-rerun186-atsonly-qv-openT-preserve-higherdegree1\artifacts\output.dxf,C:\Users\Jesse 2025\Desktop\COMPLETE DRAFT\src\AtsBackgroundBuilder\REFERENCE ONLY\43-8-5 corrected.dxf,C:\Users\Jesse 2025\Desktop\COMPLETE DRAFT\data\twp43-8-5-reference-compare-rerun184-atsonly-qv-qsec-terminal-rank1\artifacts\output.dxf,False,24,24,23,23,23,0,0,23,23,0,0,0,0,0,0,16,16,16,0,0,16,16,0,0,0,0,0,0,10,10,10,0,0,10,10,0,0,0,0,0,0
2026-04-18T01:50:19-03:00,rerun187,43-8-5,C:\Users\Jesse 2025\Desktop\COMPLETE DRAFT\data\twp43-8-5-reference-compare-rerun187-atsonly-qv-revert-after-bad-openT-higherdegree1\artifacts\output.dxf,C:\Users\Jesse 2025\Desktop\COMPLETE DRAFT\src\AtsBackgroundBuilder\REFERENCE ONLY\43-8-5 corrected.dxf,C:\Users\Jesse 2025\Desktop\COMPLETE DRAFT\data\twp43-8-5-reference-compare-rerun184-atsonly-qv-qsec-terminal-rank1\artifacts\output.dxf,True,0,0,21,21,21,0,0,21,21,0,0,0,0,0,0,14,14,14,0,0,14,14,0,0,0,0,0,0,8,8,8,0,0,8,8,0,0,0,0,0,0
2026-04-18T13:13:05-03:00,rerun188,43-8-5,C:\Users\Jesse 2025\Desktop\COMPLETE DRAFT\data\twp43-8-5-reference-compare-rerun188-atsonly-qv-westcorr-carvedouter1\artifacts\output.dxf,C:\Users\Jesse 2025\Desktop\COMPLETE DRAFT\src\AtsBackgroundBuilder\REFERENCE ONLY\43-8-5 corrected.dxf,C:\Users\Jesse 2025\Desktop\COMPLETE DRAFT\data\twp43-8-5-reference-compare-rerun187-atsonly-qv-revert-after-bad-openT-higherdegree1\artifacts\output.dxf,True,0,0,21,21,21,0,0,21,21,0,0,0,0,0,0,14,14,14,0,0,14,14,0,0,0,0,0,0,8,8,8,0,0,8,8,0,0,0,0,0,0
2026-04-18T13:33:29-03:00,rerun190-atsonly-qv-usec-station-microsnap1-cleanseed,twp43-8-5,C:\Users\Jesse 2025\Desktop\COMPLETE DRAFT\data\twp43-8-5-reference-compare-rerun190-atsonly-qv-usec-station-microsnap1-cleanseed\artifacts\output.dxf,C:\Users\Jesse 2025\Desktop\COMPLETE DRAFT\src\AtsBackgroundBuilder\REFERENCE ONLY\43-8-5 corrected.dxf,C:\Users\Jesse 2025\Desktop\COMPLETE DRAFT\data\twp43-8-5-reference-compare-rerun187-atsonly-qv-revert-after-bad-openT-higherdegree1\artifacts\output.dxf,True,0,0,21,21,21,0,0,21,21,0,0,0,0,0,0,14,14,14,0,0,14,14,0,0,0,0,0,0,8,8,8,0,0,8,8,0,0,0,0,0,0
2026-04-18T15:28:43-03:00,rerun191-owner-span-samples1,twp43-8-5,C:\Users\Jesse 2025\Desktop\COMPLETE DRAFT\data\twp43-8-5-reference-compare-rerun191-atsonly-qv-owner-span-samples1\artifacts\output.dxf,C:\Users\Jesse 2025\Desktop\COMPLETE DRAFT\src\AtsBackgroundBuilder\REFERENCE ONLY\43-8-5 corrected.dxf,C:\Users\Jesse 2025\Desktop\COMPLETE DRAFT\data\twp43-8-5-reference-compare-rerun187-atsonly-qv-revert-after-bad-openT-higherdegree1\artifacts\output.dxf,True,0,0,21,21,21,0,0,21,21,0,0,0,0,0,0,14,14,14,0,0,14,14,0,0,0,0,0,0,8,8,8,0,0,8,8,0,0,0,0,0,0
2026-04-18T15:31:16-03:00,rerun192-owner-span-trace1,twp43-8-5,C:\Users\Jesse 2025\Desktop\COMPLETE DRAFT\data\twp43-8-5-reference-compare-rerun192-atsonly-qv-owner-span-trace1\artifacts\output.dxf,C:\Users\Jesse 2025\Desktop\COMPLETE DRAFT\src\AtsBackgroundBuilder\REFERENCE ONLY\43-8-5 corrected.dxf,C:\Users\Jesse 2025\Desktop\COMPLETE DRAFT\data\twp43-8-5-reference-compare-rerun187-atsonly-qv-revert-after-bad-openT-higherdegree1\artifacts\output.dxf,True,0,0,21,21,21,0,0,21,21,0,0,0,0,0,0,14,14,14,0,0,14,14,0,0,0,0,0,0,8,8,8,0,0,8,8,0,0,0,0,0,0
2026-04-18T15:36:01-03:00,rerun194-revert-owner-span-probe,twp43-8-5,C:\Users\Jesse 2025\Desktop\COMPLETE DRAFT\data\twp43-8-5-reference-compare-rerun194-atsonly-qv-revert-owner-span-probe\artifacts\output.dxf,C:\Users\Jesse 2025\Desktop\COMPLETE DRAFT\src\AtsBackgroundBuilder\REFERENCE ONLY\43-8-5 corrected.dxf,C:\Users\Jesse 2025\Desktop\COMPLETE DRAFT\data\twp43-8-5-reference-compare-rerun187-atsonly-qv-revert-after-bad-openT-higherdegree1\artifacts\output.dxf,True,0,0,21,21,21,0,0,21,21,0,0,0,0,0,0,14,14,14,0,0,14,14,0,0,0,0,0,0,8,8,8,0,0,8,8,0,0,0,0,0,0
2026-04-18T17:20:03-03:00,rerun195-atsonly-qv-ordinary-qsec-gap-stitch1,43-8-5,C:\Users\Jesse 2025\Desktop\COMPLETE DRAFT\data\twp43-8-5-reference-compare-rerun195-atsonly-qv-ordinary-qsec-gap-stitch1\artifacts\output.dxf,C:\Users\Jesse 2025\Desktop\COMPLETE DRAFT\src\AtsBackgroundBuilder\REFERENCE ONLY\43-8-5 corrected.dxf,C:\Users\Jesse 2025\Desktop\COMPLETE DRAFT\data\twp43-8-5-reference-compare-rerun194-atsonly-qv-revert-owner-span-probe\artifacts\output.dxf,False,176,176,28,28,28,0,0,28,28,0,0,0,0,0,0,21,21,21,0,0,21,21,0,0,0,0,0,0,15,15,15,0,0,15,15,0,0,0,0,0,0
2026-04-18T17:22:43-03:00,rerun196-atsonly-qv-revert-after-bad-ordinary-qsec-gap-stitch1,43-8-5,C:\Users\Jesse 2025\Desktop\COMPLETE DRAFT\data\twp43-8-5-reference-compare-rerun196-atsonly-qv-revert-after-bad-ordinary-qsec-gap-stitch1\artifacts\output.dxf,C:\Users\Jesse 2025\Desktop\COMPLETE DRAFT\src\AtsBackgroundBuilder\REFERENCE ONLY\43-8-5 corrected.dxf,C:\Users\Jesse 2025\Desktop\COMPLETE DRAFT\data\twp43-8-5-reference-compare-rerun194-atsonly-qv-revert-owner-span-probe\artifacts\output.dxf,True,0,0,21,21,21,0,0,21,21,0,0,0,0,0,0,14,14,14,0,0,14,14,0,0,0,0,0,0,8,8,8,0,0,8,8,0,0,0,0,0,0
2026-04-18T21:34:53-03:00,rerun201,43-8-5,C:\Users\Jesse 2025\Desktop\COMPLETE DRAFT\data\twp43-8-5-reference-compare-rerun201-atsonly-qv-revert-after-variant-qsec-clamp1\artifacts\output.dxf,C:\Users\Jesse 2025\Desktop\COMPLETE DRAFT\src\AtsBackgroundBuilder\REFERENCE ONLY\43-8-5 corrected.dxf,C:\Users\Jesse 2025\Desktop\COMPLETE DRAFT\data\twp43-8-5-reference-compare-rerun196-atsonly-qv-revert-after-bad-ordinary-qsec-gap-stitch1\artifacts\output.dxf,True,0,0,21,21,21,0,0,21,21,0,0,0,0,0,0,14,14,14,0,0,14,14,0,0,0,0,0,0,8,8,8,0,0,8,8,0,0,0,0,0,0
2026-04-18T23:36:20-03:00,rerun203,43-8-5,C:\Users\Jesse 2025\Desktop\COMPLETE DRAFT\data\twp43-8-5-reference-compare-rerun203-atsonly-qv-west-seam-short-inner-companion2\artifacts\output.dxf,C:\Users\Jesse 2025\Desktop\COMPLETE DRAFT\src\AtsBackgroundBuilder\REFERENCE ONLY\43-8-5 corrected.dxf,C:\Users\Jesse 2025\Desktop\COMPLETE DRAFT\data\twp43-8-5-reference-compare-rerun201-atsonly-qv-revert-after-variant-qsec-clamp1\artifacts\output.dxf,False,2,1,21,21,21,0,0,21,21,0,0,0,0,0,0,14,14,14,0,0,14,14,0,0,0,0,0,0,8,8,8,0,0,8,8,0,0,0,0,0,0
2026-04-18T23:38:18-03:00,rerun204,43-8-5,C:\Users\Jesse 2025\Desktop\COMPLETE DRAFT\data\twp43-8-5-reference-compare-rerun204-atsonly-qv-west-seam-short-inner-companion3\artifacts\output.dxf,C:\Users\Jesse 2025\Desktop\COMPLETE DRAFT\src\AtsBackgroundBuilder\REFERENCE ONLY\43-8-5 corrected.dxf,C:\Users\Jesse 2025\Desktop\COMPLETE DRAFT\data\twp43-8-5-reference-compare-rerun201-atsonly-qv-revert-after-variant-qsec-clamp1\artifacts\output.dxf,False,2,1,20,20,20,0,0,20,20,0,0,0,0,0,0,13,13,13,0,0,13,13,0,0,0,0,0,0,7,7,7,0,0,7,7,0,0,0,0,0,0
2026-04-19T00:02:36-03:00,rerun205-qsec-corrzero-priority,43-8-5,C:\Users\Jesse 2025\Desktop\COMPLETE DRAFT\data\twp43-8-5-reference-compare-rerun205-atsonly-qv-qsec-corrzero-priority\artifacts\output.dxf,C:\Users\Jesse 2025\Desktop\COMPLETE DRAFT\src\AtsBackgroundBuilder\REFERENCE ONLY\43-8-5 corrected.dxf,C:\Users\Jesse 2025\Desktop\COMPLETE DRAFT\data\twp43-8-5-reference-compare-rerun204-atsonly-qv-west-seam-short-inner-companion3\artifacts\output.dxf,False,86,90,20,20,20,0,0,20,20,0,0,0,0,0,0,13,13,13,0,0,13,13,0,0,0,0,0,0,7,7,7,0,0,7,7,0,0,0,0,0,0
2026-04-19T00:06:53-03:00,rerun206-qsec-source-sync,43-8-5,C:\Users\Jesse 2025\Desktop\COMPLETE DRAFT\data\twp43-8-5-reference-compare-rerun206-atsonly-qv-qsec-source-sync\artifacts\output.dxf,C:\Users\Jesse 2025\Desktop\COMPLETE DRAFT\src\AtsBackgroundBuilder\REFERENCE ONLY\43-8-5 corrected.dxf,C:\Users\Jesse 2025\Desktop\COMPLETE DRAFT\data\twp43-8-5-reference-compare-rerun204-atsonly-qv-west-seam-short-inner-companion3\artifacts\output.dxf,False,450,450,20,20,20,0,0,20,20,0,0,0,0,0,0,13,13,13,0,0,13,13,0,0,0,0,0,0,7,7,7,0,0,7,7,0,0,0,0,0,0
2026-04-19T00:08:27-03:00,rerun207-qsec-southonly-corr,43-8-5,C:\Users\Jesse 2025\Desktop\COMPLETE DRAFT\data\twp43-8-5-reference-compare-rerun207-atsonly-qv-qsec-southonly-corr\artifacts\output.dxf,C:\Users\Jesse 2025\Desktop\COMPLETE DRAFT\src\AtsBackgroundBuilder\REFERENCE ONLY\43-8-5 corrected.dxf,C:\Users\Jesse 2025\Desktop\COMPLETE DRAFT\data\twp43-8-5-reference-compare-rerun204-atsonly-qv-west-seam-short-inner-companion3\artifacts\output.dxf,False,145,145,20,20,20,0,0,20,20,0,0,0,0,0,0,13,13,13,0,0,13,13,0,0,0,0,0,0,7,7,7,0,0,7,7,0,0,0,0,0,0
2026-04-19T00:11:14-03:00,rerun208-qsec-first-correction-band,43-8-5,C:\Users\Jesse 2025\Desktop\COMPLETE DRAFT\data\twp43-8-5-reference-compare-rerun208-atsonly-qv-qsec-first-correction-band\artifacts\output.dxf,C:\Users\Jesse 2025\Desktop\COMPLETE DRAFT\src\AtsBackgroundBuilder\REFERENCE ONLY\43-8-5 corrected.dxf,C:\Users\Jesse 2025\Desktop\COMPLETE DRAFT\data\twp43-8-5-reference-compare-rerun204-atsonly-qv-west-seam-short-inner-companion3\artifacts\output.dxf,False,99,99,20,20,20,0,0,20,20,0,0,0,0,0,0,13,13,13,0,0,13,13,0,0,0,0,0,0,7,7,7,0,0,7,7,0,0,0,0,0,0
2026-04-19T00:13:15-03:00,rerun209-qsec-first-band-c0,43-8-5,C:\Users\Jesse 2025\Desktop\COMPLETE DRAFT\data\twp43-8-5-reference-compare-rerun209-atsonly-qv-qsec-first-band-c0\artifacts\output.dxf,C:\Users\Jesse 2025\Desktop\COMPLETE DRAFT\src\AtsBackgroundBuilder\REFERENCE ONLY\43-8-5 corrected.dxf,C:\Users\Jesse 2025\Desktop\COMPLETE DRAFT\data\twp43-8-5-reference-compare-rerun204-atsonly-qv-west-seam-short-inner-companion3\artifacts\output.dxf,False,99,99,20,20,20,0,0,20,20,0,0,0,0,0,0,13,13,13,0,0,13,13,0,0,0,0,0,0,7,7,7,0,0,7,7,0,0,0,0,0,0
2026-04-19T00:15:01-03:00,rerun210-qsec-first-band-c0-filtered,43-8-5,C:\Users\Jesse 2025\Desktop\COMPLETE DRAFT\data\twp43-8-5-reference-compare-rerun210-atsonly-qv-qsec-first-band-c0-filtered\artifacts\output.dxf,C:\Users\Jesse 2025\Desktop\COMPLETE DRAFT\src\AtsBackgroundBuilder\REFERENCE ONLY\43-8-5 corrected.dxf,C:\Users\Jesse 2025\Desktop\COMPLETE DRAFT\data\twp43-8-5-reference-compare-rerun204-atsonly-qv-west-seam-short-inner-companion3\artifacts\output.dxf,False,99,99,20,20,20,0,0,20,20,0,0,0,0,0,0,13,13,13,0,0,13,13,0,0,0,0,0,0,7,7,7,0,0,7,7,0,0,0,0,0,0
2026-04-19T11:26:22-03:00,rerun212,43-8-5,C:\Users\Jesse 2025\Desktop\COMPLETE DRAFT\data\twp43-8-5-reference-compare-rerun212-atsonly-qv-qsec-sec3-southcorr-frame1\artifacts\output.dxf,C:\Users\Jesse 2025\Desktop\COMPLETE DRAFT\src\AtsBackgroundBuilder\REFERENCE ONLY\43-8-5 corrected.dxf,C:\Users\Jesse 2025\Desktop\COMPLETE DRAFT\data\twp43-8-5-reference-compare-rerun211-atsonly-qv-revert-after-qsec-experiments\artifacts\output.dxf,True,0,0,20,20,20,0,0,20,20,0,0,0,0,0,0,13,13,13,0,0,13,13,0,0,0,0,0,0,7,7,7,0,0,7,7,0,0,0,0,0,0
2026-04-19T11:28:55-03:00,rerun213,43-8-5,C:\Users\Jesse 2025\Desktop\COMPLETE DRAFT\data\twp43-8-5-reference-compare-rerun213-atsonly-qv-qsec-sec3-southcorr-frame2\artifacts\output.dxf,C:\Users\Jesse 2025\Desktop\COMPLETE DRAFT\src\AtsBackgroundBuilder\REFERENCE ONLY\43-8-5 corrected.dxf,C:\Users\Jesse 2025\Desktop\COMPLETE DRAFT\data\twp43-8-5-reference-compare-rerun211-atsonly-qv-revert-after-qsec-experiments\artifacts\output.dxf,True,0,0,20,20,20,0,0,20,20,0,0,0,0,0,0,13,13,13,0,0,13,13,0,0,0,0,0,0,7,7,7,0,0,7,7,0,0,0,0,0,0
2026-04-19T11:51:08-03:00,rerun219,twp43-8-5,C:\Users\Jesse 2025\Desktop\COMPLETE DRAFT\data\twp43-8-5-reference-compare-rerun219-atsonly-qv-qsec-vertical-posttrim1\artifacts\output.dxf,C:\Users\Jesse 2025\Desktop\COMPLETE DRAFT\src\AtsBackgroundBuilder\REFERENCE ONLY\43-8-5 corrected.dxf,C:\Users\Jesse 2025\Desktop\COMPLETE DRAFT\data\twp43-8-5-reference-compare-rerun217-atsonly-qv-revert-after-bad-sec3-wrapper\artifacts\output.dxf,False,450,450,20,20,20,0,0,20,20,0,0,0,0,0,0,13,13,13,0,0,13,13,0,0,0,0,0,0,7,7,7,0,0,7,7,0,0,0,0,0,0
2026-04-19T18:18:02-03:00,rerun227,43-8-5,C:\Users\Jesse 2025\Desktop\COMPLETE DRAFT\data\twp43-8-5-reference-compare-rerun227-atsonly-qv-sec1-qsec-preservepref-cleanfinal\artifacts\output.dxf,C:\Users\Jesse 2025\Desktop\COMPLETE DRAFT\src\AtsBackgroundBuilder\REFERENCE ONLY\43-8-5 corrected.dxf,,,,,20,20,20,0,0,20,20,0,0,0,0,0,0,13,13,13,0,0,13,13,0,0,0,0,0,0,7,7,7,0,0,7,7,0,0,0,0,0,0
2026-04-19T18:18:03-03:00,rerun228,43-8-5,C:\Users\Jesse 2025\Desktop\COMPLETE DRAFT\data\twp43-8-5-reference-compare-rerun228-atsonly-qv-sec1-drop-terminal-corridor-split1\artifacts\output.dxf,C:\Users\Jesse 2025\Desktop\COMPLETE DRAFT\src\AtsBackgroundBuilder\REFERENCE ONLY\43-8-5 corrected.dxf,C:\Users\Jesse 2025\Desktop\COMPLETE DRAFT\data\twp43-8-5-reference-compare-rerun227-atsonly-qv-sec1-qsec-preservepref-cleanfinal\artifacts\output.dxf,False,25,37,23,23,23,0,0,23,23,0,0,0,0,0,0,15,15,15,0,0,15,15,0,0,0,0,0,0,9,9,9,0,0,9,9,0,0,0,0,0,0
2026-04-19T18:26:03-03:00,rerun229,43-8-5,C:\Users\Jesse 2025\Desktop\COMPLETE DRAFT\data\twp43-8-5-reference-compare-rerun229-atsonly-qv-sec1-drop-lower-corridor1\artifacts\output.dxf,C:\Users\Jesse 2025\Desktop\COMPLETE DRAFT\src\AtsBackgroundBuilder\REFERENCE ONLY\43-8-5 corrected.dxf,C:\Users\Jesse 2025\Desktop\COMPLETE DRAFT\data\twp43-8-5-reference-compare-rerun227-atsonly-qv-sec1-qsec-preservepref-cleanfinal\artifacts\output.dxf,True,0,0,20,20,20,0,0,20,20,0,0,0,0,0,0,13,13,13,0,0,13,13,0,0,0,0,0,0,7,7,7,0,0,7,7,0,0,0,0,0,0
2026-04-19T18:35:43-03:00,rerun232,43-8-5,C:\Users\Jesse 2025\Desktop\COMPLETE DRAFT\data\twp43-8-5-reference-compare-rerun232-atsonly-qv-rollback-check-sec1-corridor\artifacts\output.dxf,C:\Users\Jesse 2025\Desktop\COMPLETE DRAFT\src\AtsBackgroundBuilder\REFERENCE ONLY\43-8-5 corrected.dxf,C:\Users\Jesse 2025\Desktop\COMPLETE DRAFT\data\twp43-8-5-reference-compare-rerun227-atsonly-qv-sec1-qsec-preservepref-cleanfinal\artifacts\output.dxf,True,0,0,20,20,20,0,0,20,20,0,0,0,0,0,0,13,13,13,0,0,13,13,0,0,0,0,0,0,7,7,7,0,0,7,7,0,0,0,0,0,0
2026-04-19T18:39:19-03:00,rerun233,43-8-5,C:\Users\Jesse 2025\Desktop\COMPLETE DRAFT\data\twp43-8-5-reference-compare-rerun233-atsonly-qv-sec1-corridor-crossguard1\artifacts\output.dxf,C:\Users\Jesse 2025\Desktop\COMPLETE DRAFT\src\AtsBackgroundBuilder\REFERENCE ONLY\43-8-5 corrected.dxf,C:\Users\Jesse 2025\Desktop\COMPLETE DRAFT\data\twp43-8-5-reference-compare-rerun227-atsonly-qv-sec1-qsec-preservepref-cleanfinal\artifacts\output.dxf,False,16,28,23,23,23,0,0,23,23,0,0,0,0,0,0,15,15,15,0,0,15,15,0,0,0,0,0,0,9,9,9,0,0,9,9,0,0,0,0,0,0
2026-04-19T19:56:01-03:00,rerun234,43-8-5,C:\Users\Jesse 2025\Desktop\COMPLETE DRAFT\data\twp43-8-5-reference-compare-rerun234-atsonly-qv-sec1-east-companion-hardstop1\artifacts\output.dxf,C:\Users\Jesse 2025\Desktop\COMPLETE DRAFT\src\AtsBackgroundBuilder\REFERENCE ONLY\43-8-5 corrected.dxf,C:\Users\Jesse 2025\Desktop\COMPLETE DRAFT\data\twp43-8-5-reference-compare-rerun233-atsonly-qv-sec1-corridor-crossguard1\artifacts\output.dxf,False,9,9,23,23,23,0,0,23,23,0,0,0,0,0,0,15,15,15,0,0,15,15,0,0,0,0,0,0,9,9,9,0,0,9,9,0,0,0,0,0,0
2026-04-19T19:57:51-03:00,rerun235,43-8-5,C:\Users\Jesse 2025\Desktop\COMPLETE DRAFT\data\twp43-8-5-reference-compare-rerun235-atsonly-qv-sec1-east-companion-hardstop2\artifacts\output.dxf,C:\Users\Jesse 2025\Desktop\COMPLETE DRAFT\src\AtsBackgroundBuilder\REFERENCE ONLY\43-8-5 corrected.dxf,C:\Users\Jesse 2025\Desktop\COMPLETE DRAFT\data\twp43-8-5-reference-compare-rerun233-atsonly-qv-sec1-corridor-crossguard1\artifacts\output.dxf,False,1,1,23,23,23,0,0,23,23,0,0,0,0,0,0,15,15,15,0,0,15,15,0,0,0,0,0,0,9,9,9,0,0,9,9,0,0,0,0,0,0
2026-04-19T20:43:53-03:00,rerun236,43-8-5,C:\Users\Jesse 2025\Desktop\COMPLETE DRAFT\data\twp43-8-5-reference-compare-rerun236-atsonly-qv-sec1-east-vertical-companion1\artifacts\output.dxf,C:\Users\Jesse 2025\Desktop\COMPLETE DRAFT\src\AtsBackgroundBuilder\REFERENCE ONLY\43-8-5 corrected.dxf,C:\Users\Jesse 2025\Desktop\COMPLETE DRAFT\data\twp43-8-5-reference-compare-rerun235-atsonly-qv-sec1-east-companion-hardstop2\artifacts\output.dxf,False,6,6,24,24,24,1,1,23,23,0,0,0,0,0,0,16,16,16,1,1,15,15,0,0,0,0,0,0,10,10,10,1,1,9,9,0,0,0,0,0,0
2026-04-19T20:54:49-03:00,rerun237,43-8-5,C:\Users\Jesse 2025\Desktop\COMPLETE DRAFT\data\twp43-8-5-reference-compare-rerun237-atsonly-qv-sec1-east-c0-overlap1\artifacts\output.dxf,C:\Users\Jesse 2025\Desktop\COMPLETE DRAFT\src\AtsBackgroundBuilder\REFERENCE ONLY\43-8-5 corrected.dxf,C:\Users\Jesse 2025\Desktop\COMPLETE DRAFT\data\twp43-8-5-reference-compare-rerun236-atsonly-qv-sec1-east-vertical-companion1\artifacts\output.dxf,True,0,0,24,24,24,1,1,23,23,0,0,0,0,0,0,16,16,16,1,1,15,15,0,0,0,0,0,0,10,10,10,1,1,9,9,0,0,0,0,0,0
2026-04-19T20:58:08-03:00,rerun238,43-8-5,C:\Users\Jesse 2025\Desktop\COMPLETE DRAFT\data\twp43-8-5-reference-compare-rerun238-atsonly-qv-sec1-east-c0-overlap2\artifacts\output.dxf,C:\Users\Jesse 2025\Desktop\COMPLETE DRAFT\src\AtsBackgroundBuilder\REFERENCE ONLY\43-8-5 corrected.dxf,C:\Users\Jesse 2025\Desktop\COMPLETE DRAFT\data\twp43-8-5-reference-compare-rerun236-atsonly-qv-sec1-east-vertical-companion1\artifacts\output.dxf,False,1,0,24,24,24,1,1,23,23,0,0,0,0,0,0,16,16,16,1,1,15,15,0,0,0,0,0,0,10,10,10,1,1,9,9,0,0,0,0,0,0
2026-04-19T21:09:29-03:00,rerun239,43-8-5,C:\Users\Jesse 2025\Desktop\COMPLETE DRAFT\data\twp43-8-5-reference-compare-rerun239-atsonly-qv-sec1-east-c-companion1\artifacts\output.dxf,C:\Users\Jesse 2025\Desktop\COMPLETE DRAFT\src\AtsBackgroundBuilder\REFERENCE ONLY\43-8-5 corrected.dxf,C:\Users\Jesse 2025\Desktop\COMPLETE DRAFT\data\twp43-8-5-reference-compare-rerun238-atsonly-qv-sec1-east-c0-overlap2\artifacts\output.dxf,False,1,0,24,24,24,1,1,23,23,0,0,0,0,0,0,16,16,16,1,1,15,15,0,0,0,0,0,0,10,10,10,1,1,9,9,0,0,0,0,0,0
2026-04-20T09:36:14-03:00,rerun241,43-8-5,C:\Users\Jesse 2025\Desktop\COMPLETE DRAFT\data\twp43-8-5-reference-compare-rerun241-atsonly-qv-long-split-zero2\artifacts\output.dxf,C:\Users\Jesse 2025\Desktop\COMPLETE DRAFT\src\AtsBackgroundBuilder\REFERENCE ONLY\43-8-5 corrected.dxf,C:\Users\Jesse 2025\Desktop\COMPLETE DRAFT\data\twp43-8-5-reference-compare-rerun239-atsonly-qv-sec1-east-c-companion1\artifacts\output.dxf,True,0,0,24,24,24,1,1,23,23,0,0,0,0,0,0,16,16,16,1,1,15,15,0,0,0,0,0,0,10,10,10,1,1,9,9,0,0,0,0,0,0
2026-04-20T09:37:45-03:00,rerun242,43-8-5,C:\Users\Jesse 2025\Desktop\COMPLETE DRAFT\data\twp43-8-5-reference-compare-rerun242-atsonly-qv-long-split-zero3\artifacts\output.dxf,C:\Users\Jesse 2025\Desktop\COMPLETE DRAFT\src\AtsBackgroundBuilder\REFERENCE ONLY\43-8-5 corrected.dxf,C:\Users\Jesse 2025\Desktop\COMPLETE DRAFT\data\twp43-8-5-reference-compare-rerun239-atsonly-qv-sec1-east-c-companion1\artifacts\output.dxf,True,0,0,24,24,24,1,1,23,23,0,0,0,0,0,0,16,16,16,1,1,15,15,0,0,0,0,0,0,10,10,10,1,1,9,9,0,0,0,0,0,0
2026-04-20T09:40:46-03:00,rerun243,43-8-5,C:\Users\Jesse 2025\Desktop\COMPLETE DRAFT\data\twp43-8-5-reference-compare-rerun243-atsonly-qv-long-split-zero4\artifacts\output.dxf,C:\Users\Jesse 2025\Desktop\COMPLETE DRAFT\src\AtsBackgroundBuilder\REFERENCE ONLY\43-8-5 corrected.dxf,C:\Users\Jesse 2025\Desktop\COMPLETE DRAFT\data\twp43-8-5-reference-compare-rerun239-atsonly-qv-sec1-east-c-companion1\artifacts\output.dxf,True,0,0,24,24,24,1,1,23,23,0,0,0,0,0,0,16,16,16,1,1,15,15,0,0,0,0,0,0,10,10,10,1,1,9,9,0,0,0,0,0,0
2026-04-20T17:18:26-03:00,rerun258,43-8-5,C:\Users\Jesse 2025\Desktop\COMPLETE DRAFT\data\twp43-8-5-reference-compare-rerun258-atsonly-qv-sec1-blind30-sectioncue-clean\artifacts\output.dxf,C:\Users\Jesse 2025\Desktop\COMPLETE DRAFT\src\AtsBackgroundBuilder\REFERENCE ONLY\43-8-5 corrected.dxf,C:\Users\Jesse 2025\Desktop\COMPLETE DRAFT\data\twp43-8-5-reference-compare-rerun246-atsonly-qv-long-split-zero-bestcandidate2\artifacts\output.dxf,False,2,2,21,21,21,1,1,20,20,0,0,0,0,0,0,14,14,14,1,1,13,13,0,0,0,0,0,0,8,8,8,1,1,7,7,0,0,0,0,0,0
2026-04-20T19:48:49-03:00,rerun259,43-8-5,C:\Users\Jesse 2025\Desktop\COMPLETE DRAFT\data\twp43-8-5-reference-compare-rerun259-atsonly-qv-quarter-south-display-eastcomp1\artifacts\output.dxf,C:\Users\Jesse 2025\Desktop\COMPLETE DRAFT\src\AtsBackgroundBuilder\REFERENCE ONLY\43-8-5 corrected.dxf,C:\Users\Jesse 2025\Desktop\COMPLETE DRAFT\data\twp43-8-5-reference-compare-rerun258-atsonly-qv-sec1-blind30-sectioncue-clean\artifacts\output.dxf,False,536,157,32,32,32,1,1,31,31,0,0,0,0,0,0,25,25,25,1,1,24,24,0,0,0,0,0,0,18,18,18,1,1,17,17,0,0,0,0,0,0
2026-04-20T20:09:56-03:00,rerun260,43-8-5,C:\Users\Jesse 2025\Desktop\COMPLETE DRAFT\data\twp43-8-5-reference-compare-rerun260-atsonly-qv-quarter-south-display-eastcomp2\artifacts\output.dxf,C:\Users\Jesse 2025\Desktop\COMPLETE DRAFT\src\AtsBackgroundBuilder\REFERENCE ONLY\43-8-5 corrected.dxf,C:\Users\Jesse 2025\Desktop\COMPLETE DRAFT\data\twp43-8-5-reference-compare-rerun258-atsonly-qv-sec1-blind30-sectioncue-clean\artifacts\output.dxf,False,3416,337,32,32,32,1,1,31,31,0,0,0,0,0,0,25,25,25,1,1,24,24,0,0,0,0,0,0,18,18,18,1,1,17,17,0,0,0,0,0,0
2026-04-20T20:18:17-03:00,rerun261,43-8-5,C:\Users\Jesse 2025\Desktop\COMPLETE DRAFT\data\twp43-8-5-reference-compare-rerun261-atsonly-qv-quarter-south-display-eastcomp2-closed\artifacts\output.dxf,C:\Users\Jesse 2025\Desktop\COMPLETE DRAFT\src\AtsBackgroundBuilder\REFERENCE ONLY\43-8-5 corrected.dxf,C:\Users\Jesse 2025\Desktop\COMPLETE DRAFT\data\twp43-8-5-reference-compare-rerun258-atsonly-qv-sec1-blind30-sectioncue-clean\artifacts\output.dxf,False,3416,337,32,32,32,1,1,31,31,0,0,0,0,0,0,25,25,25,1,1,24,24,0,0,0,0,0,0,18,18,18,1,1,17,17,0,0,0,0,0,0
2026-04-20T20:32:55-03:00,rerun262,43-8-5,C:\Users\Jesse 2025\Desktop\COMPLETE DRAFT\data\twp43-8-5-reference-compare-rerun262-atsonly-qv-quarter-postpass-adjacent1\artifacts\output.dxf,C:\Users\Jesse 2025\Desktop\COMPLETE DRAFT\src\AtsBackgroundBuilder\REFERENCE ONLY\43-8-5 corrected.dxf,C:\Users\Jesse 2025\Desktop\COMPLETE DRAFT\data\twp43-8-5-reference-compare-rerun258-atsonly-qv-sec1-blind30-sectioncue-clean\artifacts\output.dxf,False,3416,337,32,32,32,1,1,31,31,0,0,0,0,0,0,25,25,25,1,1,24,24,0,0,0,0,0,0,18,18,18,1,1,17,17,0,0,0,0,0,0
2026-04-20T20:42:19-03:00,rerun263,43-8-5,C:\Users\Jesse 2025\Desktop\COMPLETE DRAFT\data\twp43-8-5-reference-compare-rerun263-atsonly-qv-quarter-postpass-adjacent2\artifacts\output.dxf,C:\Users\Jesse 2025\Desktop\COMPLETE DRAFT\src\AtsBackgroundBuilder\REFERENCE ONLY\43-8-5 corrected.dxf,C:\Users\Jesse 2025\Desktop\COMPLETE DRAFT\data\twp43-8-5-reference-compare-rerun258-atsonly-qv-sec1-blind30-sectioncue-clean\artifacts\output.dxf,False,3416,337,32,32,32,1,1,31,31,0,0,0,0,0,0,25,25,25,1,1,24,24,0,0,0,0,0,0,18,18,18,1,1,17,17,0,0,0,0,0,0
2026-04-20T21:47:38-03:00,rerun270-quarter-deep-east-shared1,twp43-8-5,C:\Users\Jesse 2025\Desktop\COMPLETE DRAFT\data\twp43-8-5-reference-compare-rerun270-atsonly-qv-quarter-deep-east-shared1\artifacts\output.dxf,C:\Users\Jesse 2025\Desktop\COMPLETE DRAFT\src\AtsBackgroundBuilder\REFERENCE ONLY\43-8-5 corrected.dxf,C:\Users\Jesse 2025\Desktop\COMPLETE DRAFT\data\twp43-8-5-reference-compare-rerun269-atsonly-qv-quarter-postpass-adjacent8\artifacts\output.dxf,False,337,3416,21,21,21,1,1,20,20,0,0,0,0,0,0,14,14,14,1,1,13,13,0,0,0,0,0,0,8,8,8,1,1,7,7,0,0,0,0,0,0
2026-04-20T21:51:20-03:00,rerun272-quarter-deep-east-shared2,twp43-8-5,C:\Users\Jesse 2025\Desktop\COMPLETE DRAFT\data\twp43-8-5-reference-compare-rerun272-atsonly-qv-quarter-deep-east-shared2\artifacts\output.dxf,C:\Users\Jesse 2025\Desktop\COMPLETE DRAFT\src\AtsBackgroundBuilder\REFERENCE ONLY\43-8-5 corrected.dxf,C:\Users\Jesse 2025\Desktop\COMPLETE DRAFT\data\twp43-8-5-reference-compare-rerun269-atsonly-qv-quarter-postpass-adjacent8\artifacts\output.dxf,False,337,3416,21,21,21,1,1,20,20,0,0,0,0,0,0,14,14,14,1,1,13,13,0,0,0,0,0,0,8,8,8,1,1,7,7,0,0,0,0,0,0
2026-04-21T09:21:55-03:00,rerun273-quarter-southmid-display1,twp43-8-5,C:\Users\Jesse 2025\Desktop\COMPLETE DRAFT\data\twp43-8-5-reference-compare-rerun273-atsonly-qv-quarter-southmid-display1\artifacts\output.dxf,C:\Users\Jesse 2025\Desktop\COMPLETE DRAFT\src\AtsBackgroundBuilder\REFERENCE ONLY\43-8-5 corrected.dxf,C:\Users\Jesse 2025\Desktop\COMPLETE DRAFT\data\twp43-8-5-reference-compare-rerun272-atsonly-qv-quarter-deep-east-shared2\artifacts\output.dxf,True,0,0,21,21,21,1,1,20,20,0,0,0,0,0,0,14,14,14,1,1,13,13,0,0,0,0,0,0,8,8,8,1,1,7,7,0,0,0,0,0,0
2026-04-21T09:25:28-03:00,rerun274-quarter-southmid-display2,twp43-8-5,C:\Users\Jesse 2025\Desktop\COMPLETE DRAFT\data\twp43-8-5-reference-compare-rerun274-atsonly-qv-quarter-southmid-display2\artifacts\output.dxf,C:\Users\Jesse 2025\Desktop\COMPLETE DRAFT\src\AtsBackgroundBuilder\REFERENCE ONLY\43-8-5 corrected.dxf,C:\Users\Jesse 2025\Desktop\COMPLETE DRAFT\data\twp43-8-5-reference-compare-rerun272-atsonly-qv-quarter-deep-east-shared2\artifacts\output.dxf,True,0,0,21,21,21,1,1,20,20,0,0,0,0,0,0,14,14,14,1,1,13,13,0,0,0,0,0,0,8,8,8,1,1,7,7,0,0,0,0,0,0
2026-04-21T09:27:33-03:00,rerun275-quarter-southmid-display3,twp43-8-5,C:\Users\Jesse 2025\Desktop\COMPLETE DRAFT\data\twp43-8-5-reference-compare-rerun275-atsonly-qv-quarter-southmid-display3\artifacts\output.dxf,C:\Users\Jesse 2025\Desktop\COMPLETE DRAFT\src\AtsBackgroundBuilder\REFERENCE ONLY\43-8-5 corrected.dxf,C:\Users\Jesse 2025\Desktop\COMPLETE DRAFT\data\twp43-8-5-reference-compare-rerun272-atsonly-qv-quarter-deep-east-shared2\artifacts\output.dxf,True,0,0,21,21,21,1,1,20,20,0,0,0,0,0,0,14,14,14,1,1,13,13,0,0,0,0,0,0,8,8,8,1,1,7,7,0,0,0,0,0,0
2026-04-21T13:20:51-03:00,rerun310-regression-smoke,twp43-8-5,C:\Users\Jesse 2025\Desktop\COMPLETE DRAFT\data\twp43-8-5-regression-smoke-rerun310\artifacts\output.dxf,C:\Users\Jesse 2025\Desktop\COMPLETE DRAFT\src\AtsBackgroundBuilder\REFERENCE ONLY\43-8-5 corrected.dxf,C:\Users\Jesse 2025\Desktop\COMPLETE DRAFT\data\twp43-8-5-reference-compare-rerun309-atsonly-qv-correction-quarter-deflection1\artifacts\output.dxf,True,0,0,21,21,21,1,1,20,20,0,0,0,0,0,0,14,14,14,1,1,13,13,0,0,0,0,0,0,8,8,8,1,1,7,7,0,0,0,0,0,0
2026-04-21T13:28:41-03:00,rerun311-short-buffer-owner1,twp43-8-5,C:\Users\Jesse 2025\Desktop\COMPLETE DRAFT\data\twp43-8-5-regression-rerun311-short-buffer-owner1\artifacts\output.dxf,C:\Users\Jesse 2025\Desktop\COMPLETE DRAFT\src\AtsBackgroundBuilder\REFERENCE ONLY\43-8-5 corrected.dxf,C:\Users\Jesse 2025\Desktop\COMPLETE DRAFT\data\twp43-8-5-reference-compare-rerun309-atsonly-qv-correction-quarter-deflection1\artifacts\output.dxf,False,1,1,21,21,21,1,1,20,20,0,0,0,0,0,0,14,14,14,1,1,13,13,0,0,0,0,0,0,8,8,8,1,1,7,7,0,0,0,0,0,0
2026-04-21T14:41:25-03:00,rerun312-baseline-refresh,twp43-8-5,C:\Users\Jesse 2025\Desktop\COMPLETE DRAFT\data\twp43-8-5-regression-rerun312-baseline-refresh\artifacts\output.dxf,C:\Users\Jesse 2025\Desktop\COMPLETE DRAFT\src\AtsBackgroundBuilder\REFERENCE ONLY\43-8-5 corrected.dxf,C:\Users\Jesse 2025\Desktop\COMPLETE DRAFT\data\regression-baselines\twp43-8-5\accepted-output.dxf,True,0,0,21,21,21,1,1,20,20,0,0,0,0,0,0,14,14,14,1,1,13,13,0,0,0,0,0,0,8,8,8,1,1,7,7,0,0,0,0,0,0
2026-04-22T14:30:29-03:00,twp43-8-5-after-43-9-5-cleaned-rerun2,twp43-8-5,C:\Users\Jesse 2025\Desktop\COMPLETE DRAFT\data\regression-checks\twp43-8-5-after-43-9-5-cleaned-rerun2\artifacts\output.dxf,C:\Users\Jesse 2025\Desktop\COMPLETE DRAFT\data\regression-baselines\twp43-8-5\accepted-output.dxf,C:\Users\Jesse 2025\Desktop\COMPLETE DRAFT\data\regression-baselines\twp43-8-5\accepted-output.dxf,False,18,18,1,1,1,0,0,1,1,0,0,0,0,0,0,1,1,1,0,0,1,1,0,0,0,0,0,0,0,0,0,0,0,0,0,0,0,0,0,0,0
2026-04-22T18:00:20-03:00,after-43-9-5-eastsplit3,twp43-8-5,C:\Users\Jesse 2025\Desktop\COMPLETE DRAFT\data\regression-checks\twp43-8-5-after-43-9-5-eastsplit3\artifacts\output.dxf,C:\Users\Jesse 2025\Desktop\COMPLETE DRAFT\data\regression-baselines\twp43-8-5\accepted-output.dxf,C:\Users\Jesse 2025\Desktop\COMPLETE DRAFT\data\regression-baselines\twp43-8-5\accepted-output.dxf,False,18,18,1,1,1,0,0,1,1,0,0,0,0,0,0,1,1,1,0,0,1,1,0,0,0,0,0,0,0,0,0,0,0,0,0,0,0,0,0,0,0
2026-04-22T19:50:43-03:00,after-43-9-5-lsdguard2,twp43-8-5,C:\Users\Jesse 2025\Desktop\COMPLETE DRAFT\data\regression-checks\twp43-8-5-after-43-9-5-lsdguard2\artifacts\output.dxf,C:\Users\Jesse 2025\Desktop\COMPLETE DRAFT\data\regression-baselines\twp43-8-5\accepted-output.dxf,C:\Users\Jesse 2025\Desktop\COMPLETE DRAFT\data\regression-baselines\twp43-8-5\accepted-output.dxf,False,18,18,1,1,1,0,0,1,1,0,0,0,0,0,0,1,1,1,0,0,1,1,0,0,0,0,0,0,0,0,0,0,0,0,0,0,0,0,0,0,0
2026-04-22T22:33:03-03:00,after-43-9-5-westzerofix2,twp43-8-5,C:\Users\Jesse 2025\Desktop\COMPLETE DRAFT\data\regression-checks\twp43-8-5-after-43-9-5-westzerofix2\artifacts\output.dxf,C:\Users\Jesse 2025\Desktop\COMPLETE DRAFT\data\regression-baselines\twp43-8-5\accepted-output.dxf,C:\Users\Jesse 2025\Desktop\COMPLETE DRAFT\data\regression-baselines\twp43-8-5\accepted-output.dxf,False,242,242,45,45,45,0,0,45,45,0,0,0,0,0,0,37,37,37,0,0,37,37,0,0,0,0,0,0,30,30,30,0,0,30,30,0,0,0,0,0,0
2026-04-22T22:39:16-03:00,after-43-9-5-narrowsecguard1,twp43-8-5,C:\Users\Jesse 2025\Desktop\COMPLETE DRAFT\data\regression-checks\twp43-8-5-after-43-9-5-narrowsecguard1\artifacts\output.dxf,C:\Users\Jesse 2025\Desktop\COMPLETE DRAFT\data\regression-baselines\twp43-8-5\accepted-output.dxf,C:\Users\Jesse 2025\Desktop\COMPLETE DRAFT\data\regression-baselines\twp43-8-5\accepted-output.dxf,False,18,18,1,1,1,0,0,1,1,0,0,0,0,0,0,1,1,1,0,0,1,1,0,0,0,0,0,0,0,0,0,0,0,0,0,0,0,0,0,0,0
2026-04-22T23:43:05-03:00,after-43-9-5-topzerorow1,twp43-8-5,C:\Users\Jesse 2025\Desktop\COMPLETE DRAFT\data\regression-checks\twp43-8-5-after-43-9-5-topzerorow1\artifacts\output.dxf,C:\Users\Jesse 2025\Desktop\COMPLETE DRAFT\data\regression-baselines\twp43-8-5\accepted-output.dxf,C:\Users\Jesse 2025\Desktop\COMPLETE DRAFT\data\regression-baselines\twp43-8-5\accepted-output.dxf,False,18,18,1,1,1,0,0,1,1,0,0,0,0,0,0,1,1,1,0,0,1,1,0,0,0,0,0,0,0,0,0,0,0,0,0,0,0,0,0,0,0
2026-04-22T23:50:04-03:00,after-43-9-5-topzerorow-fix1,twp43-8-5,C:\Users\Jesse 2025\Desktop\COMPLETE DRAFT\data\regression-checks\twp43-8-5-after-43-9-5-topzerorow-fix1\artifacts\output.dxf,C:\Users\Jesse 2025\Desktop\COMPLETE DRAFT\data\regression-baselines\twp43-8-5\accepted-output.dxf,C:\Users\Jesse 2025\Desktop\COMPLETE DRAFT\data\regression-baselines\twp43-8-5\accepted-output.dxf,False,155,153,23,23,23,0,0,23,23,0,0,0,0,0,0,21,21,21,0,0,21,21,0,0,0,0,0,0,17,17,17,0,0,17,17,0,0,0,0,0,0
2026-04-22T23:52:56-03:00,after-43-9-5-topzerorow-rerestore1,twp43-8-5,C:\Users\Jesse 2025\Desktop\COMPLETE DRAFT\data\regression-checks\twp43-8-5-after-43-9-5-topzerorow-rerestore1\artifacts\output.dxf,C:\Users\Jesse 2025\Desktop\COMPLETE DRAFT\data\regression-baselines\twp43-8-5\accepted-output.dxf,C:\Users\Jesse 2025\Desktop\COMPLETE DRAFT\data\regression-baselines\twp43-8-5\accepted-output.dxf,False,18,18,1,1,1,0,0,1,1,0,0,0,0,0,0,1,1,1,0,0,1,1,0,0,0,0,0,0,0,0,0,0,0,0,0,0,0,0,0,0,0
2026-04-23T00:02:33-03:00,after-43-9-5-topzerorow-connected-retarget3,twp43-8-5,C:\Users\Jesse 2025\Desktop\COMPLETE DRAFT\data\regression-checks\twp43-8-5-after-43-9-5-topzerorow-connected-retarget3\artifacts\output.dxf,C:\Users\Jesse 2025\Desktop\COMPLETE DRAFT\data\regression-baselines\twp43-8-5\accepted-output.dxf,C:\Users\Jesse 2025\Desktop\COMPLETE DRAFT\data\regression-baselines\twp43-8-5\accepted-output.dxf,False,18,18,1,1,1,0,0,1,1,0,0,0,0,0,0,1,1,1,0,0,1,1,0,0,0,0,0,0,0,0,0,0,0,0,0,0,0,0,0,0,0
2026-04-23T16:53:54-03:00,twp43-8-5-after-43-9-5-westcorr-laterestore1,twp43-8-5,C:\Users\Jesse 2025\Desktop\COMPLETE DRAFT\data\regression-checks\twp43-8-5-after-43-9-5-westcorr-laterestore1\artifacts\output.dxf,C:\Users\Jesse 2025\Desktop\COMPLETE DRAFT\data\regression-baselines\twp43-8-5\accepted-output.dxf,C:\Users\Jesse 2025\Desktop\COMPLETE DRAFT\data\regression-baselines\twp43-8-5\accepted-output.dxf,False,61,60,8,8,8,0,0,8,8,0,0,0,0,0,0,8,8,8,0,0,8,8,0,0,0,0,0,0,8,8,8,0,0,8,8,0,0,0,0,0,0
2026-04-23T16:56:16-03:00,twp43-8-5-after-43-9-5-westcorr-laterestore2,twp43-8-5,C:\Users\Jesse 2025\Desktop\COMPLETE DRAFT\data\regression-checks\twp43-8-5-after-43-9-5-westcorr-laterestore2\artifacts\output.dxf,C:\Users\Jesse 2025\Desktop\COMPLETE DRAFT\data\regression-baselines\twp43-8-5\accepted-output.dxf,C:\Users\Jesse 2025\Desktop\COMPLETE DRAFT\data\regression-baselines\twp43-8-5\accepted-output.dxf,False,28,28,8,8,8,0,0,8,8,0,0,0,0,0,0,8,8,8,0,0,8,8,0,0,0,0,0,0,8,8,8,0,0,8,8,0,0,0,0,0,0
2026-04-23T16:59:43-03:00,twp43-8-5-after-43-9-5-westcorr-laterestore3,twp43-8-5,C:\Users\Jesse 2025\Desktop\COMPLETE DRAFT\data\regression-checks\twp43-8-5-after-43-9-5-westcorr-laterestore3\artifacts\output.dxf,C:\Users\Jesse 2025\Desktop\COMPLETE DRAFT\data\regression-baselines\twp43-8-5\accepted-output.dxf,C:\Users\Jesse 2025\Desktop\COMPLETE DRAFT\data\regression-baselines\twp43-8-5\accepted-output.dxf,False,28,28,8,8,8,0,0,8,8,0,0,0,0,0,0,8,8,8,0,0,8,8,0,0,0,0,0,0,8,8,8,0,0,8,8,0,0,0,0,0,0
2026-04-23T17:07:18-03:00,twp43-8-5-after-43-9-5-westcorr-retarget1,twp43-8-5,C:\Users\Jesse 2025\Desktop\COMPLETE DRAFT\data\regression-checks\twp43-8-5-after-43-9-5-westcorr-retarget1\artifacts\output.dxf,C:\Users\Jesse 2025\Desktop\COMPLETE DRAFT\data\regression-baselines\twp43-8-5\accepted-output.dxf,C:\Users\Jesse 2025\Desktop\COMPLETE DRAFT\data\regression-baselines\twp43-8-5\accepted-output.dxf,False,28,28,8,8,8,0,0,8,8,0,0,0,0,0,0,8,8,8,0,0,8,8,0,0,0,0,0,0,8,8,8,0,0,8,8,0,0,0,0,0,0
2026-04-23T17:09:56-03:00,twp43-8-5-after-43-9-5-westcorr-retarget-clean,twp43-8-5,C:\Users\Jesse 2025\Desktop\COMPLETE DRAFT\data\regression-checks\twp43-8-5-after-43-9-5-westcorr-retarget-clean\artifacts\output.dxf,C:\Users\Jesse 2025\Desktop\COMPLETE DRAFT\data\regression-baselines\twp43-8-5\accepted-output.dxf,C:\Users\Jesse 2025\Desktop\COMPLETE DRAFT\data\regression-baselines\twp43-8-5\accepted-output.dxf,False,28,28,8,8,8,0,0,8,8,0,0,0,0,0,0,8,8,8,0,0,8,8,0,0,0,0,0,0,8,8,8,0,0,8,8,0,0,0,0,0,0
2026-04-23T17:20:51-03:00,twp43-8-5-after-43-9-5-westcorr-broadside1,twp43-8-5,C:\Users\Jesse 2025\Desktop\COMPLETE DRAFT\data\regression-checks\twp43-8-5-after-43-9-5-westcorr-broadside1\artifacts\output.dxf,C:\Users\Jesse 2025\Desktop\COMPLETE DRAFT\data\regression-baselines\twp43-8-5\accepted-output.dxf,C:\Users\Jesse 2025\Desktop\COMPLETE DRAFT\data\regression-baselines\twp43-8-5\accepted-output.dxf,False,28,28,8,8,8,0,0,8,8,0,0,0,0,0,0,8,8,8,0,0,8,8,0,0,0,0,0,0,8,8,8,0,0,8,8,0,0,0,0,0,0
2026-04-23T17:23:27-03:00,twp43-8-5-after-43-9-5-westcorr-broadside-clean,twp43-8-5,C:\Users\Jesse 2025\Desktop\COMPLETE DRAFT\data\regression-checks\twp43-8-5-after-43-9-5-westcorr-broadside-clean\artifacts\output.dxf,C:\Users\Jesse 2025\Desktop\COMPLETE DRAFT\data\regression-baselines\twp43-8-5\accepted-output.dxf,C:\Users\Jesse 2025\Desktop\COMPLETE DRAFT\data\regression-baselines\twp43-8-5\accepted-output.dxf,False,28,28,8,8,8,0,0,8,8,0,0,0,0,0,0,8,8,8,0,0,8,8,0,0,0,0,0,0,8,8,8,0,0,8,8,0,0,0,0,0,0
2026-04-23T20:21:11-03:00,twp43-8-5-after-43-9-5-southcorr-localbridge-clean,twp43-8-5,C:\Users\Jesse 2025\Desktop\COMPLETE DRAFT\data\regression-checks\twp43-8-5-after-43-9-5-southcorr-localbridge-clean\artifacts\output.dxf,C:\Users\Jesse 2025\Desktop\COMPLETE DRAFT\data\regression-baselines\twp43-8-5\accepted-output.dxf,C:\Users\Jesse 2025\Desktop\COMPLETE DRAFT\data\regression-baselines\twp43-8-5\accepted-output.dxf,False,30,29,9,9,9,0,0,9,9,0,0,0,0,0,0,9,9,9,0,0,9,9,0,0,0,0,0,0,9,9,9,0,0,9,9,0,0,0,0,0,0
2026-04-23T20:23:45-03:00,twp43-8-5-after-43-9-5-southcorr-localbridge-veto,twp43-8-5,C:\Users\Jesse 2025\Desktop\COMPLETE DRAFT\data\regression-checks\twp43-8-5-after-43-9-5-southcorr-localbridge-veto\artifacts\output.dxf,C:\Users\Jesse 2025\Desktop\COMPLETE DRAFT\data\regression-baselines\twp43-8-5\accepted-output.dxf,C:\Users\Jesse 2025\Desktop\COMPLETE DRAFT\data\regression-baselines\twp43-8-5\accepted-output.dxf,False,28,28,8,8,8,0,0,8,8,0,0,0,0,0,0,8,8,8,0,0,8,8,0,0,0,0,0,0,8,8,8,0,0,8,8,0,0,0,0,0,0
2026-04-23T23:14:23-03:00,twp43-8-5-after-43-9-5-pairedzero-qsec,twp43-8-5,C:\Users\Jesse 2025\Desktop\COMPLETE DRAFT\data\regression-checks\twp43-8-5-after-43-9-5-pairedzero-qsec\artifacts\output.dxf,C:\Users\Jesse 2025\Desktop\COMPLETE DRAFT\data\regression-baselines\twp43-8-5\accepted-output.dxf,C:\Users\Jesse 2025\Desktop\COMPLETE DRAFT\data\regression-baselines\twp43-8-5\accepted-output.dxf,False,139,139,8,8,8,0,0,8,8,0,0,0,0,0,0,8,8,8,0,0,8,8,0,0,0,0,0,0,8,8,8,0,0,8,8,0,0,0,0,0,0
2026-04-23T23:22:25-03:00,twp43-8-5-after-43-9-5-pairedzero-pivot,twp43-8-5,C:\Users\Jesse 2025\Desktop\COMPLETE DRAFT\data\regression-checks\twp43-8-5-after-43-9-5-pairedzero-pivot\artifacts\output.dxf,C:\Users\Jesse 2025\Desktop\COMPLETE DRAFT\data\regression-baselines\twp43-8-5\accepted-output.dxf,C:\Users\Jesse 2025\Desktop\COMPLETE DRAFT\data\regression-baselines\twp43-8-5\accepted-output.dxf,False,139,139,8,8,8,0,0,8,8,0,0,0,0,0,0,8,8,8,0,0,8,8,0,0,0,0,0,0,8,8,8,0,0,8,8,0,0,0,0,0,0
2026-04-23T23:26:12-03:00,twp43-8-5-after-43-9-5-pairedzero-pivot-nodebug,twp43-8-5,C:\Users\Jesse 2025\Desktop\COMPLETE DRAFT\data\regression-checks\twp43-8-5-after-43-9-5-pairedzero-pivot-nodebug\artifacts\output.dxf,C:\Users\Jesse 2025\Desktop\COMPLETE DRAFT\data\regression-baselines\twp43-8-5\accepted-output.dxf,C:\Users\Jesse 2025\Desktop\COMPLETE DRAFT\data\regression-baselines\twp43-8-5\accepted-output.dxf,False,139,139,8,8,8,0,0,8,8,0,0,0,0,0,0,8,8,8,0,0,8,8,0,0,0,0,0,0,8,8,8,0,0,8,8,0,0,0,0,0,0
2026-04-24T09:22:53-03:00,after-43-9-5-farend-pairzero-verticalanchor,twp43-8-5,C:\Users\Jesse 2025\Desktop\COMPLETE DRAFT\data\regression-checks\twp43-8-5-after-43-9-5-farend-pairzero-verticalanchor\artifacts\output.dxf,C:\Users\Jesse 2025\Desktop\COMPLETE DRAFT\data\regression-baselines\twp43-8-5\accepted-output.dxf,C:\Users\Jesse 2025\Desktop\COMPLETE DRAFT\data\regression-baselines\twp43-8-5\accepted-output.dxf,False,139,139,8,8,8,0,0,8,8,0,0,0,0,0,0,8,8,8,0,0,8,8,0,0,0,0,0,0,8,8,8,0,0,8,8,0,0,0,0,0,0
2026-04-24T11:33:30-03:00,twp43-8-5-after-43-9-5-quarter-southwest,twp43-8-5,C:\Users\Jesse 2025\Desktop\COMPLETE DRAFT\data\regression-checks\twp43-8-5-after-43-9-5-quarter-southwest\artifacts\output.dxf,C:\Users\Jesse 2025\Desktop\COMPLETE DRAFT\data\regression-baselines\twp43-8-5\accepted-output.dxf,C:\Users\Jesse 2025\Desktop\COMPLETE DRAFT\data\regression-baselines\twp43-8-5\accepted-output.dxf,False,139,139,8,8,8,0,0,8,8,0,0,0,0,0,0,8,8,8,0,0,8,8,0,0,0,0,0,0,8,8,8,0,0,8,8,0,0,0,0,0,0
2026-04-24T12:08:13-03:00,twp43-8-5-after-43-9-5-section1-mid-restore,twp43-8-5,C:\Users\Jesse 2025\Desktop\COMPLETE DRAFT\data\regression-checks\twp43-8-5-after-43-9-5-section1-mid-restore\artifacts\output.dxf,C:\Users\Jesse 2025\Desktop\COMPLETE DRAFT\data\regression-baselines\twp43-8-5\accepted-output.dxf,C:\Users\Jesse 2025\Desktop\COMPLETE DRAFT\data\regression-baselines\twp43-8-5\accepted-output.dxf,False,139,139,8,8,8,0,0,8,8,0,0,0,0,0,0,8,8,8,0,0,8,8,0,0,0,0,0,0,8,8,8,0,0,8,8,0,0,0,0,0,0
2026-04-24T22:00:27-03:00,twp43-8-5-after-43-9-5-100m-buffer-endspans-qsec,twp43-8-5,C:\Users\Jesse 2025\Desktop\COMPLETE DRAFT\data\regression-checks\twp43-8-5-after-43-9-5-100m-buffer-endspans-qsec\artifacts\output.dxf,C:\Users\Jesse 2025\Desktop\COMPLETE DRAFT\data\regression-baselines\twp43-8-5\accepted-output.dxf,C:\Users\Jesse 2025\Desktop\COMPLETE DRAFT\data\regression-baselines\twp43-8-5\accepted-output.dxf,False,143,141,8,8,8,0,0,8,8,0,0,0,0,0,0,8,8,8,0,0,8,8,0,0,0,0,0,0,8,8,8,0,0,8,8,0,0,0,0,0,0
2026-04-24T22:05:15-03:00,twp43-8-5-after-43-9-5-100m-buffer-endspans-qsec-guarded,twp43-8-5,C:\Users\Jesse 2025\Desktop\COMPLETE DRAFT\data\regression-checks\twp43-8-5-after-43-9-5-100m-buffer-endspans-qsec-guarded\artifacts\output.dxf,C:\Users\Jesse 2025\Desktop\COMPLETE DRAFT\data\regression-baselines\twp43-8-5\accepted-output.dxf,C:\Users\Jesse 2025\Desktop\COMPLETE DRAFT\data\regression-baselines\twp43-8-5\accepted-output.dxf,False,139,139,8,8,8,0,0,8,8,0,0,0,0,0,0,8,8,8,0,0,8,8,0,0,0,0,0,0,8,8,8,0,0,8,8,0,0,0,0,0,0
2026-04-25T13:11:14-03:00,twp43-8-5-after-43-9-5-100m-buffer-no-qsec-overreach,twp43-8-5,C:\Users\Jesse 2025\Desktop\COMPLETE DRAFT\data\regression-checks\twp43-8-5-after-43-9-5-100m-buffer-no-qsec-overreach\artifacts\output.dxf,C:\Users\Jesse 2025\Desktop\COMPLETE DRAFT\data\regression-baselines\twp43-8-5\accepted-output.dxf,C:\Users\Jesse 2025\Desktop\COMPLETE DRAFT\data\regression-baselines\twp43-8-5\accepted-output.dxf,False,139,139,8,8,8,0,0,8,8,0,0,0,0,0,0,8,8,8,0,0,8,8,0,0,0,0,0,0,8,8,8,0,0,8,8,0,0,0,0,0,0
2026-04-25T13:31:11-03:00,twp43-8-5-after-43-9-5-qsec-south-correction-zero,twp43-8-5,C:\Users\Jesse 2025\Desktop\COMPLETE DRAFT\data\regression-checks\twp43-8-5-after-43-9-5-qsec-south-correction-zero\artifacts\output.dxf,C:\Users\Jesse 2025\Desktop\COMPLETE DRAFT\data\regression-baselines\twp43-8-5\accepted-output.dxf,C:\Users\Jesse 2025\Desktop\COMPLETE DRAFT\data\regression-baselines\twp43-8-5\accepted-output.dxf,False,139,139,8,8,8,0,0,8,8,0,0,0,0,0,0,8,8,8,0,0,8,8,0,0,0,0,0,0,8,8,8,0,0,8,8,0,0,0,0,0,0
2026-04-25T13:34:56-03:00,twp43-8-5-after-43-9-5-qsec-south-correction-zero-gated,twp43-8-5,C:\Users\Jesse 2025\Desktop\COMPLETE DRAFT\data\regression-checks\twp43-8-5-after-43-9-5-qsec-south-correction-zero-gated\artifacts\output.dxf,C:\Users\Jesse 2025\Desktop\COMPLETE DRAFT\data\regression-baselines\twp43-8-5\accepted-output.dxf,C:\Users\Jesse 2025\Desktop\COMPLETE DRAFT\data\regression-baselines\twp43-8-5\accepted-output.dxf,False,139,139,8,8,8,0,0,8,8,0,0,0,0,0,0,8,8,8,0,0,8,8,0,0,0,0,0,0,8,8,8,0,0,8,8,0,0,0,0,0,0
2026-04-27T15:21:02-03:00,reference-refresh-20260427,twp43-8-5,C:\Users\Jesse 2025\Desktop\COMPLETE DRAFT\data\regression-checks\twp43-8-5-reference-refresh\artifacts\output.dxf,C:\Users\Jesse 2025\Desktop\COMPLETE DRAFT\data\regression-baselines\twp43-8-5\accepted-output.dxf,C:\Users\Jesse 2025\Desktop\COMPLETE DRAFT\data\regression-baselines\twp43-8-5\accepted-output.dxf,False,58,123,0,0,0,0,0,0,0,0,0,0,0,0,0,0,0,0,0,0,0,0,0,0,0,0,0,0,0,0,0,0,0,0,0,0,0,0,0,0,0,0,0,0,0,0,0,0,0,0,0,0,0,0,0,0,0,0,0,0,0,0,0,0,0,0,0,0,0,0,0
2026-04-27T15:21:31-03:00,reference-promoted-selfcheck,twp43-8-5,C:\Users\Jesse 2025\Desktop\COMPLETE DRAFT\data\regression-baselines\twp43-8-5\accepted-output.dxf,C:\Users\Jesse 2025\Desktop\COMPLETE DRAFT\data\r180\artifacts\output.dxf,,,,,0,0,0,0,0,0,0,0,0,0,0,0,0,0,0,0,0,0,0,0,0,0,0,0,0,0,0,0,0,0,0,0,0,0,0,0,0,0,0,0,0,0,0,0,0,0,0,0,0,0,0,0,0,0,0,0,0,0,0,0,0,0,0,0,0,0,0,0,0
2026-04-27T16:07:11-03:00,after-43-9-projection,twp43-8-5,C:\Users\Jesse 2025\Desktop\COMPLETE DRAFT\data\regression-checks\twp43-8-5-after-43-9-projection\artifacts\output.dxf,C:\Users\Jesse 2025\Desktop\COMPLETE DRAFT\data\regression-baselines\twp43-8-5\accepted-output.dxf,C:\Users\Jesse 2025\Desktop\COMPLETE DRAFT\data\regression-baselines\twp43-8-5\accepted-output.dxf,False,13,13,5,5,5,0,0,0,0,0,0,3,3,0,0,0,0,0,0,0,0,0,0,2,2,5,5,5,0,0,0,0,0,0,3,3,0,0,0,0,0,0,0,0,0,0,2,2,3,3,3,0,0,0,0,0,0,2,2,0,0,0,0,0,0,0,0,0,0,1,1
2026-04-27T16:11:56-03:00,after-43-9-trim-threshold,twp43-8-5,C:\Users\Jesse 2025\Desktop\COMPLETE DRAFT\data\regression-checks\twp43-8-5-after-43-9-trim-threshold\artifacts\output.dxf,C:\Users\Jesse 2025\Desktop\COMPLETE DRAFT\data\regression-baselines\twp43-8-5\accepted-output.dxf,C:\Users\Jesse 2025\Desktop\COMPLETE DRAFT\data\regression-baselines\twp43-8-5\accepted-output.dxf,False,13,13,5,5,5,0,0,0,0,0,0,3,3,0,0,0,0,0,0,0,0,0,0,2,2,5,5,5,0,0,0,0,0,0,3,3,0,0,0,0,0,0,0,0,0,0,2,2,3,3,3,0,0,0,0,0,0,2,2,0,0,0,0,0,0,0,0,0,0,1,1
2026-04-27T16:15:33-03:00,after-43-9-trim-threshold-v2,twp43-8-5,C:\Users\Jesse 2025\Desktop\COMPLETE DRAFT\data\regression-checks\twp43-8-5-after-43-9-trim-threshold-v2\artifacts\output.dxf,C:\Users\Jesse 2025\Desktop\COMPLETE DRAFT\data\regression-baselines\twp43-8-5\accepted-output.dxf,C:\Users\Jesse 2025\Desktop\COMPLETE DRAFT\data\regression-baselines\twp43-8-5\accepted-output.dxf,True,0,0,0,0,0,0,0,0,0,0,0,0,0,0,0,0,0,0,0,0,0,0,0,0,0,0,0,0,0,0,0,0,0,0,0,0,0,0,0,0,0,0,0,0,0,0,0,0,0,0,0,0,0,0,0,0,0,0,0,0,0,0,0,0,0,0,0,0,0,0,0
2026-04-28T12:34:40-03:00,after-layer-fix,twp43-8-5,C:\Users\Jesse 2025\Desktop\COMPLETE DRAFT\data\regression-checks\twp43-8-5-after-layer-fix\artifacts\output.dxf,C:\Users\Jesse 2025\Desktop\COMPLETE DRAFT\data\regression-baselines\twp43-8-5\accepted-output.dxf,C:\Users\Jesse 2025\Desktop\COMPLETE DRAFT\data\regression-baselines\twp43-8-5\accepted-output.dxf,True,0,0,0,0,0,0,0,0,0,0,0,0,0,0,0,0,0,0,0,0,0,0,0,0,0,0,0,0,0,0,0,0,0,0,0,0,0,0,0,0,0,0,0,0,0,0,0,0,0,0,0,0,0,0,0,0,0,0,0,0,0,0,0,0,0,0,0,0,0,0,0
2026-04-28T13:29:07-03:00,after-lsd-road-stop,twp43-8-5,C:\Users\Jesse 2025\Desktop\COMPLETE DRAFT\data\regression-checks\twp43-8-5-after-lsd-road-stop\artifacts\output.dxf,C:\Users\Jesse 2025\Desktop\COMPLETE DRAFT\data\regression-baselines\twp43-8-5\accepted-output.dxf,C:\Users\Jesse 2025\Desktop\COMPLETE DRAFT\data\regression-baselines\twp43-8-5\accepted-output.dxf,False,15,15,3,3,3,0,0,0,0,0,0,0,0,0,0,0,0,0,0,0,0,0,0,3,3,3,3,3,0,0,0,0,0,0,0,0,0,0,0,0,0,0,0,0,0,0,3,3,3,3,3,0,0,0,0,0,0,0,0,0,0,0,0,0,0,0,0,0,0,3,3
2026-04-28T13:30:44-03:00,after-lsd-road-stop-accepted,twp43-8-5,C:\Users\Jesse 2025\Desktop\COMPLETE DRAFT\data\regression-checks\twp43-8-5-after-lsd-road-stop-accepted\artifacts\output.dxf,C:\Users\Jesse 2025\Desktop\COMPLETE DRAFT\data\regression-baselines\twp43-8-5\accepted-output.dxf,C:\Users\Jesse 2025\Desktop\COMPLETE DRAFT\data\regression-baselines\twp43-8-5\accepted-output.dxf,True,0,0,0,0,0,0,0,0,0,0,0,0,0,0,0,0,0,0,0,0,0,0,0,0,0,0,0,0,0,0,0,0,0,0,0,0,0,0,0,0,0,0,0,0,0,0,0,0,0,0,0,0,0,0,0,0,0,0,0,0,0,0,0,0,0,0,0,0,0,0,0
2026-04-28T13:48:23-03:00,after-se-lsd-companion-row,twp43-8-5,C:\Users\Jesse 2025\Desktop\COMPLETE DRAFT\data\regression-checks\twp43-8-5-after-se-lsd-companion-row\artifacts\output.dxf,C:\Users\Jesse 2025\Desktop\COMPLETE DRAFT\data\regression-baselines\twp43-8-5\accepted-output.dxf,C:\Users\Jesse 2025\Desktop\COMPLETE DRAFT\data\regression-baselines\twp43-8-5\accepted-output.dxf,False,10,10,2,2,2,0,0,0,0,0,0,0,0,0,0,0,0,0,0,0,0,0,0,2,2,2,2,2,0,0,0,0,0,0,0,0,0,0,0,0,0,0,0,0,0,0,2,2,2,2,2,0,0,0,0,0,0,0,0,0,0,0,0,0,0,0,0,0,0,2,2
2026-04-28T13:50:40-03:00,after-se-lsd-companion-row-accepted,twp43-8-5,C:\Users\Jesse 2025\Desktop\COMPLETE DRAFT\data\regression-checks\twp43-8-5-after-se-lsd-companion-row-accepted\artifacts\output.dxf,C:\Users\Jesse 2025\Desktop\COMPLETE DRAFT\data\regression-baselines\twp43-8-5\accepted-output.dxf,C:\Users\Jesse 2025\Desktop\COMPLETE DRAFT\data\regression-baselines\twp43-8-5\accepted-output.dxf,True,0,0,0,0,0,0,0,0,0,0,0,0,0,0,0,0,0,0,0,0,0,0,0,0,0,0,0,0,0,0,0,0,0,0,0,0,0,0,0,0,0,0,0,0,0,0,0,0,0,0,0,0,0,0,0,0,0,0,0,0,0,0,0,0,0,0,0,0,0,0,0
2026-04-28T15:53:20-03:00,after-43-9-road-corner-cap-r206,twp43-8-5,C:\Users\Jesse 2025\Desktop\COMPLETE DRAFT\data\regression-checks\twp43-8-5-after-43-9-road-corner-cap-r206\artifacts\output.dxf,C:\Users\Jesse 2025\Desktop\COMPLETE DRAFT\data\regression-baselines\twp43-8-5\accepted-output.dxf,C:\Users\Jesse 2025\Desktop\COMPLETE DRAFT\data\regression-baselines\twp43-8-5\accepted-output.dxf,False,138,37,113,12,113,4,5,0,0,0,0,102,0,0,0,0,0,0,0,0,0,2,2,5,5,113,12,113,4,5,0,0,0,0,102,0,0,0,0,0,0,0,0,0,2,2,5,5,113,12,113,4,5,0,0,0,0,102,0,0,0,0,0,0,0,0,0,2,2,5,5
2026-04-28T16:08:05-03:00,after-43-9-retarget-tied-cap-r208,twp43-8-5,C:\Users\Jesse 2025\Desktop\COMPLETE DRAFT\data\regression-checks\twp43-8-5-after-43-9-retarget-tied-cap-r208\artifacts\output.dxf,C:\Users\Jesse 2025\Desktop\COMPLETE DRAFT\data\regression-baselines\twp43-8-5\accepted-output.dxf,C:\Users\Jesse 2025\Desktop\COMPLETE DRAFT\data\regression-baselines\twp43-8-5\accepted-output.dxf,False,36,37,11,12,12,4,5,0,0,0,0,0,0,0,0,0,0,0,0,0,0,2,2,5,5,11,12,12,4,5,0,0,0,0,0,0,0,0,0,0,0,0,0,0,2,2,5,5,11,12,12,4,5,0,0,0,0,0,0,0,0,0,0,0,0,0,0,2,2,5,5
2026-04-28T16:14:22-03:00,after-zero-row-sec-guard-r209,twp43-8-5,C:\Users\Jesse 2025\Desktop\COMPLETE DRAFT\data\regression-checks\twp43-8-5-after-zero-row-sec-guard-r209\artifacts\output.dxf,C:\Users\Jesse 2025\Desktop\COMPLETE DRAFT\data\regression-baselines\twp43-8-5\accepted-output.dxf,C:\Users\Jesse 2025\Desktop\COMPLETE DRAFT\data\regression-baselines\twp43-8-5\accepted-output.dxf,False,12,12,4,4,4,2,2,0,0,0,0,0,0,0,0,0,0,0,0,0,0,0,0,2,2,4,4,4,2,2,0,0,0,0,0,0,0,0,0,0,0,0,0,0,0,0,2,2,4,4,4,2,2,0,0,0,0,0,0,0,0,0,0,0,0,0,0,0,0,2,2
2026-04-28T16:21:42-03:00,twp43-8-5-after-lsec-twenty-continuation-guard-r210,twp43-8-5,C:\Users\Jesse 2025\Desktop\COMPLETE DRAFT\data\regression-checks\twp43-8-5-after-lsec-twenty-continuation-guard-r210\artifacts\output.dxf,C:\Users\Jesse 2025\Desktop\COMPLETE DRAFT\data\regression-baselines\twp43-8-5\accepted-output.dxf,C:\Users\Jesse 2025\Desktop\COMPLETE DRAFT\data\regression-baselines\twp43-8-5\accepted-output.dxf,True,0,0,0,0,0,0,0,0,0,0,0,0,0,0,0,0,0,0,0,0,0,0,0,0,0,0,0,0,0,0,0,0,0,0,0,0,0,0,0,0,0,0,0,0,0,0,0,0,0,0,0,0,0,0,0,0,0,0,0,0,0,0,0,0,0,0,0,0,0,0,0
2026-04-28T16:28:30-03:00,twp43-8-5-after-quarter-follow-inner-band-r212,twp43-8-5,C:\Users\Jesse 2025\Desktop\COMPLETE DRAFT\data\regression-checks\twp43-8-5-after-quarter-follow-inner-band-r212\artifacts\output.dxf,C:\Users\Jesse 2025\Desktop\COMPLETE DRAFT\data\regression-baselines\twp43-8-5\accepted-output.dxf,C:\Users\Jesse 2025\Desktop\COMPLETE DRAFT\data\regression-baselines\twp43-8-5\accepted-output.dxf,True,0,0,0,0,0,0,0,0,0,0,0,0,0,0,0,0,0,0,0,0,0,0,0,0,0,0,0,0,0,0,0,0,0,0,0,0,0,0,0,0,0,0,0,0,0,0,0,0,0,0,0,0,0,0,0,0,0,0,0,0,0,0,0,0,0,0,0,0,0,0,0
2026-04-28T16:34:25-03:00,twp43-8-5-after-post-quarter-inner-band-r214,twp43-8-5,C:\Users\Jesse 2025\Desktop\COMPLETE DRAFT\data\regression-checks\twp43-8-5-after-post-quarter-inner-band-r214\artifacts\output.dxf,C:\Users\Jesse 2025\Desktop\COMPLETE DRAFT\data\regression-baselines\twp43-8-5\accepted-output.dxf,C:\Users\Jesse 2025\Desktop\COMPLETE DRAFT\data\regression-baselines\twp43-8-5\accepted-output.dxf,True,0,0,0,0,0,0,0,0,0,0,0,0,0,0,0,0,0,0,0,0,0,0,0,0,0,0,0,0,0,0,0,0,0,0,0,0,0,0,0,0,0,0,0,0,0,0,0,0,0,0,0,0,0,0,0,0,0,0,0,0,0,0,0,0,0,0,0,0,0,0,0
2026-04-28T16:41:19-03:00,twp43-8-5-after-quarter-vertex-inner-band-r216,twp43-8-5,C:\Users\Jesse 2025\Desktop\COMPLETE DRAFT\data\regression-checks\twp43-8-5-after-quarter-vertex-inner-band-r216\artifacts\output.dxf,C:\Users\Jesse 2025\Desktop\COMPLETE DRAFT\data\regression-baselines\twp43-8-5\accepted-output.dxf,C:\Users\Jesse 2025\Desktop\COMPLETE DRAFT\data\regression-baselines\twp43-8-5\accepted-output.dxf,True,0,0,0,0,0,0,0,0,0,0,0,0,0,0,0,0,0,0,0,0,0,0,0,0,0,0,0,0,0,0,0,0,0,0,0,0,0,0,0,0,0,0,0,0,0,0,0,0,0,0,0,0,0,0,0,0,0,0,0,0,0,0,0,0,0,0,0,0,0,0,0
2026-04-28T17:13:31-03:00,twp43-8-5-after-43-9-nw20-correction-r218,twp43-8-5,C:\Users\Jesse 2025\Desktop\COMPLETE DRAFT\data\regression-checks\twp43-8-5-after-43-9-nw20-correction-r218\artifacts\output.dxf,C:\Users\Jesse 2025\Desktop\COMPLETE DRAFT\data\regression-baselines\twp43-8-5\accepted-output.dxf,C:\Users\Jesse 2025\Desktop\COMPLETE DRAFT\data\regression-baselines\twp43-8-5\accepted-output.dxf,False,44,44,22,22,22,0,0,0,0,11,11,0,0,0,0,0,0,0,0,0,0,6,6,5,5,22,22,22,0,0,0,0,11,11,0,0,0,0,0,0,0,0,0,0,6,6,5,5,22,22,22,0,0,0,0,11,11,0,0,0,0,0,0,0,0,0,0,6,6,5,5
2026-04-28T17:16:03-03:00,twp43-8-5-after-43-9-nw20-correction-r219,twp43-8-5,C:\Users\Jesse 2025\Desktop\COMPLETE DRAFT\data\regression-checks\twp43-8-5-after-43-9-nw20-correction-r219\artifacts\output.dxf,C:\Users\Jesse 2025\Desktop\COMPLETE DRAFT\data\regression-baselines\twp43-8-5\accepted-output.dxf,C:\Users\Jesse 2025\Desktop\COMPLETE DRAFT\data\regression-baselines\twp43-8-5\accepted-output.dxf,True,0,0,0,0,0,0,0,0,0,0,0,0,0,0,0,0,0,0,0,0,0,0,0,0,0,0,0,0,0,0,0,0,0,0,0,0,0,0,0,0,0,0,0,0,0,0,0,0,0,0,0,0,0,0,0,0,0,0,0,0,0,0,0,0,0,0,0,0,0,0,0
2026-04-28T17:21:00-03:00,twp43-8-5-after-43-9-nw20-correction-r221,twp43-8-5,C:\Users\Jesse 2025\Desktop\COMPLETE DRAFT\data\regression-checks\twp43-8-5-after-43-9-nw20-correction-r221\artifacts\output.dxf,C:\Users\Jesse 2025\Desktop\COMPLETE DRAFT\data\regression-baselines\twp43-8-5\accepted-output.dxf,C:\Users\Jesse 2025\Desktop\COMPLETE DRAFT\data\regression-baselines\twp43-8-5\accepted-output.dxf,True,0,0,0,0,0,0,0,0,0,0,0,0,0,0,0,0,0,0,0,0,0,0,0,0,0,0,0,0,0,0,0,0,0,0,0,0,0,0,0,0,0,0,0,0,0,0,0,0,0,0,0,0,0,0,0,0,0,0,0,0,0,0,0,0,0,0,0,0,0,0,0
2026-04-28T17:31:38-03:00,twp43-8-5-after-43-9-nw20-correction-r223,twp43-8-5,C:\Users\Jesse 2025\Desktop\COMPLETE DRAFT\data\regression-checks\twp43-8-5-after-43-9-nw20-correction-r223\artifacts\output.dxf,C:\Users\Jesse 2025\Desktop\COMPLETE DRAFT\data\regression-baselines\twp43-8-5\accepted-output.dxf,C:\Users\Jesse 2025\Desktop\COMPLETE DRAFT\data\regression-baselines\twp43-8-5\accepted-output.dxf,True,0,0,0,0,0,0,0,0,0,0,0,0,0,0,0,0,0,0,0,0,0,0,0,0,0,0,0,0,0,0,0,0,0,0,0,0,0,0,0,0,0,0,0,0,0,0,0,0,0,0,0,0,0,0,0,0,0,0,0,0,0,0,0,0,0,0,0,0,0,0,0
2026-04-28T17:36:03-03:00,twp43-8-5-after-43-9-nw20-correction-r225,twp43-8-5,C:\Users\Jesse 2025\Desktop\COMPLETE DRAFT\data\regression-checks\twp43-8-5-after-43-9-nw20-correction-r225\artifacts\output.dxf,C:\Users\Jesse 2025\Desktop\COMPLETE DRAFT\data\regression-baselines\twp43-8-5\accepted-output.dxf,C:\Users\Jesse 2025\Desktop\COMPLETE DRAFT\data\regression-baselines\twp43-8-5\accepted-output.dxf,True,0,0,0,0,0,0,0,0,0,0,0,0,0,0,0,0,0,0,0,0,0,0,0,0,0,0,0,0,0,0,0,0,0,0,0,0,0,0,0,0,0,0,0,0,0,0,0,0,0,0,0,0,0,0,0,0,0,0,0,0,0,0,0,0,0,0,0,0,0,0,0
2026-04-28T17:41:53-03:00,twp43-8-5-after-43-9-nw20-correction-r227,twp43-8-5,C:\Users\Jesse 2025\Desktop\COMPLETE DRAFT\data\regression-checks\twp43-8-5-after-43-9-nw20-correction-r227\artifacts\output.dxf,C:\Users\Jesse 2025\Desktop\COMPLETE DRAFT\data\regression-baselines\twp43-8-5\accepted-output.dxf,C:\Users\Jesse 2025\Desktop\COMPLETE DRAFT\data\regression-baselines\twp43-8-5\accepted-output.dxf,True,0,0,0,0,0,0,0,0,0,0,0,0,0,0,0,0,0,0,0,0,0,0,0,0,0,0,0,0,0,0,0,0,0,0,0,0,0,0,0,0,0,0,0,0,0,0,0,0,0,0,0,0,0,0,0,0,0,0,0,0,0,0,0,0,0,0,0,0,0,0,0
2026-04-28T17:45:54-03:00,twp43-8-5-after-43-9-nw20-correction-r229,twp43-8-5,C:\Users\Jesse 2025\Desktop\COMPLETE DRAFT\data\regression-checks\twp43-8-5-after-43-9-nw20-correction-r229\artifacts\output.dxf,C:\Users\Jesse 2025\Desktop\COMPLETE DRAFT\data\regression-baselines\twp43-8-5\accepted-output.dxf,C:\Users\Jesse 2025\Desktop\COMPLETE DRAFT\data\regression-baselines\twp43-8-5\accepted-output.dxf,True,0,0,0,0,0,0,0,0,0,0,0,0,0,0,0,0,0,0,0,0,0,0,0,0,0,0,0,0,0,0,0,0,0,0,0,0,0,0,0,0,0,0,0,0,0,0,0,0,0,0,0,0,0,0,0,0,0,0,0,0,0,0,0,0,0,0,0,0,0,0,0
2026-04-28T17:55:19-03:00,twp43-8-5-after-43-9-nw20-correction-r233-final,twp43-8-5,C:\Users\Jesse 2025\Desktop\COMPLETE DRAFT\data\regression-checks\twp43-8-5-after-43-9-nw20-correction-r233-final\artifacts\output.dxf,C:\Users\Jesse 2025\Desktop\COMPLETE DRAFT\data\regression-baselines\twp43-8-5\accepted-output.dxf,C:\Users\Jesse 2025\Desktop\COMPLETE DRAFT\data\regression-baselines\twp43-8-5\accepted-output.dxf,True,0,0,0,0,0,0,0,0,0,0,0,0,0,0,0,0,0,0,0,0,0,0,0,0,0,0,0,0,0,0,0,0,0,0,0,0,0,0,0,0,0,0,0,0,0,0,0,0,0,0,0,0,0,0,0,0,0,0,0,0,0,0,0,0,0,0,0,0,0,0,0
2026-04-29T09:57:01-03:00,after-62-18-zero-gate-r238,twp43-8-5,C:\Users\Jesse 2025\Desktop\COMPLETE DRAFT\data\regression-checks\twp43-8-5-after-62-18-zero-gate-r238\artifacts\output.dxf,C:\Users\Jesse 2025\Desktop\COMPLETE DRAFT\data\regression-baselines\twp43-8-5\accepted-output.dxf,C:\Users\Jesse 2025\Desktop\COMPLETE DRAFT\data\regression-baselines\twp43-8-5\accepted-output.dxf,True,0,0,0,0,0,0,0,0,0,0,0,0,0,0,0,0,0,0,0,0,0,0,0,0,0,0,0,0,0,0,0,0,0,0,0,0,0,0,0,0,0,0,0,0,0,0,0,0,0,0,0,0,0,0,0,0,0,0,0,0,0,0,0,0,0,0,0,0,0,0,0
